#{"t_start": 1789746057.7703824, "env_id": "None"}
r,l,t
-321.2,50,2.972169
-86.2,50,3.114371
-180.4,50,3.520656
-150.1,50,3.697194
-98.7,50,3.856132
-90.7,50,4.243775
-112.6,50,4.396877
-111.1,50,4.882307
-96.7,50,5.091754
-102.2,50,5.303875
-79.7,50,5.773862
-77.4,50,5.972128
-92.9,50,6.444882
-219.5,50,6.622963
-251.5,50,6.776596
-203.6,50,7.159607
-323.2,50,7.314979
-84.7,50,7.691606
-119.1,50,7.867539
-96.9,50,8.030122
-93.0,50,8.387596
-98.6,50,8.529058
-248.5,50,8.699929
-69.4,50,9.100368
-91.3,50,9.236896
-131.1,50,9.574104
-128.8,50,9.717489
-111.6,50,9.948856
-127.2,50,10.285628
-100.5,50,10.422974
-181.7,50,10.775633
-153.4,50,10.927128
-142.3,50,11.08269
-354.3,50,11.425858
-110.5,50,11.589859
-134.5,50,11.97824
-160.9,50,12.12904
-135.9,50,12.268156
-274.4,50,12.611427
-99.1,50,12.756345
-296.9,50,13.092591
-102.2,50,13.315966
-84.8,50,13.455222
-130.5,50,13.796007
-184.7,50,13.938757
-145.0,50,14.076714
-231.9,50,14.403102
-202.5,50,14.553246
-55.3,50,14.893793
-81.2,50,15.040735
-84.2,50,15.182954
-91.9,50,15.516681
-95.3,50,15.659199
-140.8,50,15.997623
-130.1,50,16.140922
-99.9,50,16.281486
-93.2,50,16.721792
-292.3,50,16.854118
-322.4,50,17.18953
-225.4,50,17.325008
-106.9,50,17.462072
-121.9,50,17.79498
-72.8,50,17.94316
-114.0,50,18.074771
-212.5,50,18.445013
-120.2,50,18.596718
-72.7,50,18.944752
-82.1,50,19.082935
-301.8,50,19.223164
-109.3,50,19.641176
-96.2,50,19.782253
-80.3,50,20.118209
-80.4,50,20.264788
-84.0,50,20.410789
-92.3,50,20.747429
-101.6,50,20.914975
-102.1,50,21.260794
-190.3,50,21.424733
-81.3,50,21.589779
-95.9,50,21.929739
-84.6,50,22.065679
-81.1,50,22.411685
-291.3,50,22.556495
-84.0,50,22.774616
-256.9,50,23.102371
-87.9,50,23.239547
-124.9,50,23.37651
-171.1,50,23.70856
-105.2,50,23.843932
-260.3,50,24.170204
-94.5,50,24.312811
-91.9,50,24.449232
-97.2,50,24.776052
-117.3,50,24.91981
-97.7,50,25.251439
-103.1,50,25.389629
-66.8,50,25.529568
-98.0,50,25.944922
-92.6,50,26.083266
-164.3,50,26.419124
-189.2,50,26.55569
-94.0,50,26.696769
-215.7,50,27.028297
-83.6,50,27.172195
-108.2,50,27.514875
-121.8,50,27.660216
-126.3,50,27.800419
-96.9,50,28.127612
-97.6,50,28.260096
-103.1,50,28.396988
-110.9,50,28.822739
-311.9,50,28.955059
-94.3,50,29.284705
-108.5,50,29.426392
-123.8,50,29.559247
-86.0,50,29.885026
-94.1,50,30.010909
-104.2,50,30.335035
-85.6,50,30.471322
-97.5,50,30.611946
-91.6,50,30.945778
-99.2,50,31.096054
-109.6,50,31.453155
-300.0,50,31.630833
-77.4,50,31.866498
-194.9,50,32.393753
-103.2,50,32.594832
-97.5,50,32.760737
-358.0,50,33.172477
-79.8,50,33.348642
-91.2,50,33.822268
-115.1,50,34.018696
-99.4,50,34.170884
-109.2,50,34.53135
-107.5,50,34.6998
-281.4,50,35.07064
-265.9,50,35.227
-111.5,50,35.39864
-180.6,50,35.762112
-122.4,50,35.928079
-91.1,50,36.379807
-109.3,50,36.563416
-294.1,50,36.710002
-90.5,50,37.143203
-68.7,50,37.310287
-100.1,50,37.693228
-86.8,50,37.843536
-70.1,50,37.996407
-86.5,50,38.346721
-133.2,50,38.496414
-101.0,50,38.648756
-116.9,50,39.024909
-330.9,50,39.226625
-123.6,50,39.59309
-96.5,50,39.831008
-89.8,50,39.977435
-86.1,50,40.334907
-207.1,50,40.489511
-100.6,50,40.867357
-72.7,50,41.064774
-114.0,50,41.214952
-76.9,50,41.651761
-91.8,50,41.805303
-138.3,50,42.167411
-115.3,50,42.32135
-85.0,50,42.475947
-78.9,50,42.827737
-88.9,50,42.973826
-112.0,50,43.421552
-70.1,50,43.584592
-83.3,50,43.752597
-77.6,50,44.124182
-87.3,50,44.269443
-179.2,50,44.443567
-95.1,50,44.779454
-100.4,50,44.915347
-105.9,50,45.246869
-119.7,50,45.390872
-82.7,50,45.528469
-101.6,50,45.866669
-208.5,50,45.997764
-271.6,50,46.417376
-93.5,50,46.561808
-94.3,50,46.702502
-76.0,50,47.034883
-86.0,50,47.173409
-101.6,50,47.502591
-301.2,50,47.64093
-77.4,50,47.779649
-329.6,50,48.125644
-96.6,50,48.262789
-75.2,50,48.4023
-102.4,50,48.733458
-88.4,50,48.869725
-87.6,50,49.204932
-87.1,50,49.433871
-104.6,50,49.579445
-80.1,50,49.916665
-130.5,50,50.055309
-96.6,50,50.394686
-134.1,50,50.537345
-81.7,50,50.677638
-106.4,50,50.999722
-101.8,50,51.14016
-70.5,50,51.466223
-77.4,50,51.608467
-101.4,50,51.746439
-99.7,50,52.089455
-94.2,50,52.229746
-99.7,50,52.570688
-281.8,50,52.800193
-90.9,50,52.937845
-70.4,50,53.279395
-91.2,50,53.42627
-73.8,50,53.569748
-89.3,50,53.915675
-64.9,50,54.056494
-107.1,50,54.382525
-96.8,50,54.526939
-115.4,50,54.690977
-101.3,50,55.073964
-123.8,50,55.233325
-99.4,50,55.58745
-95.8,50,55.738832
-103.5,50,56.06321
-95.7,50,57.207376
-66.6,50,57.600627
-91.7,50,58.601133
-101.4,50,59.035959
-79.4,50,59.493015
-129.5,50,60.520193
-283.5,50,60.972631
-144.6,50,62.01112
-94.0,50,62.53156
-105.7,50,62.957609
-93.7,50,64.004323
-297.7,50,64.439237
-70.3,50,64.881601
-204.5,50,65.916327
-308.4,50,66.425086
-182.4,50,67.476849
-338.6,50,67.902851
-88.4,50,68.360271
-256.8,50,69.367068
-100.9,50,69.825813
-302.9,50,70.872829
-73.2,50,71.342153
-86.3,50,71.784326
-83.0,50,72.808729
-265.6,50,73.252825
-90.5,50,74.303446
-98.4,50,74.705291
-96.2,50,75.120763
-76.8,50,76.13506
-135.2,50,76.695829
-96.1,50,77.144352
-268.7,50,78.179679
-216.7,50,78.644374
-90.5,50,79.647402
-90.3,50,80.08181
-167.1,50,80.547322
-250.8,50,81.618636
-344.3,50,82.043604
-79.4,50,83.100227
-78.4,50,83.573971
-66.8,50,83.989407
-79.6,50,84.997187
-119.5,50,85.441786
-83.6,50,86.605624
-82.7,50,87.084687
-277.2,50,87.519877
-261.5,50,88.561151
-178.4,50,89.008142
-109.3,50,90.041824
-77.5,50,90.491205
-92.6,50,90.970939
-350.3,50,91.995239
-310.5,50,92.431208
-113.5,50,92.879215
-316.0,50,93.991009
-153.2,50,94.431318
-108.6,50,95.465528
-320.4,50,95.925677
-115.8,50,96.491113
-91.6,50,97.506496
-98.4,50,97.917735
-216.2,50,98.964166
-335.6,50,99.442362
-101.5,50,99.867467
-115.0,50,100.936299
-81.1,50,101.37466
-177.3,50,102.422251
-84.3,50,102.873205
-59.6,50,103.322084
-206.9,50,104.32153
-76.1,50,104.745019
-101.6,50,105.814456
-139.0,50,106.202832
-186.3,50,106.772665
-109.6,50,107.792664
-93.0,50,108.276417
-93.4,50,108.684206
-98.9,50,109.720282
-112.1,50,110.170204
-85.2,50,111.192759
-263.7,50,111.649568
-277.7,50,112.124127
-286.6,50,113.142001
-59.0,50,113.610494
-354.5,50,114.601746
-71.1,50,115.009587
-190.0,50,115.423253
-97.2,50,116.441483
-78.6,50,117.01062
-98.7,50,118.054357
-147.8,50,118.479465
-108.6,50,118.90687
-102.5,50,119.921266
-109.6,50,120.360373
-221.2,50,120.810652
-227.5,50,121.78409
-161.5,50,122.138087
-101.5,50,123.038547
-120.9,50,123.22454
-96.5,50,123.369537
-79.7,50,123.7355
-91.6,50,123.884731
-79.4,50,124.21074
-107.1,50,124.442987
-95.7,50,124.581187
-343.5,50,124.914334
-96.7,50,125.050083
-87.5,50,125.372373
-76.7,50,125.510835
-95.1,50,125.653295
-60.6,50,125.98662
-84.6,50,126.125105
-99.0,50,126.464055
-95.6,50,126.601075
-259.7,50,126.741524
-81.4,50,127.105103
-135.0,50,127.260752
-139.1,50,127.500195
-98.8,50,127.892925
-84.7,50,128.051957
-82.6,50,128.417026
-153.9,50,128.571745
-103.3,50,128.720195
-82.2,50,129.446469
-208.4,50,129.847618
-105.2,50,130.878173
-125.4,50,131.27973
-184.9,50,131.727196
-78.8,50,132.77601
-93.6,50,133.211784
-80.2,50,134.329921
-82.1,50,134.78864
-277.7,50,135.37985
-102.3,50,136.436908
-119.0,50,136.917892
-107.9,50,137.938175
-85.2,50,138.370518
-94.7,50,138.813324
-95.9,50,139.802883
-67.1,50,140.231123
-94.9,50,140.730527
-87.4,50,141.800272
-58.5,50,142.251159
-72.3,50,143.340711
-311.0,50,143.822224
-271.5,50,144.257282
-130.8,50,145.468053
-111.6,50,145.908785
-73.4,50,146.953452
-95.8,50,147.381564
-106.4,50,147.807465
-246.5,50,148.807233
-109.2,50,149.263195
-105.0,50,150.339869
-101.3,50,150.836596
-75.0,50,151.363692
-85.6,50,152.505409
-254.1,50,153.005132
-107.9,50,153.402697
-75.5,50,154.279845
-244.3,50,154.631695
-266.9,50,155.478487
-103.6,50,155.919787
-277.6,50,156.291198
-101.2,50,157.181614
-98.6,50,157.596897
-237.8,50,158.565021
-114.1,50,158.951849
-107.3,50,159.397785
-89.0,50,160.340273
-286.5,50,160.780674
-103.3,50,161.913965
-70.9,50,162.40401
-63.1,50,162.887868
-190.0,50,164.039606
-88.4,50,164.460515
-219.3,50,165.507951
-108.2,50,166.138896
-79.0,50,166.595235
-308.9,50,167.738886
-106.6,50,168.228057
-85.8,50,168.64533
-80.7,50,169.7294
-113.2,50,170.13949
-106.7,50,171.128391
-102.8,50,171.532861
-103.8,50,171.963045
-72.7,50,172.905601
-143.4,50,173.302009
-251.9,50,174.202556
-222.0,50,174.6505
-90.5,50,175.179387
-96.4,50,176.169214
-312.8,50,176.591977
-166.1,50,177.795527
-151.7,50,178.198838
-104.0,50,178.625984
-254.9,50,179.641405
-276.9,50,180.049317
-85.9,50,181.056964
-65.3,50,181.582802
-100.6,50,182.017712
-188.4,50,183.032727
-97.3,50,183.582811
-91.2,50,184.025111
-87.1,50,185.114359
-304.5,50,185.564013
-100.5,50,186.642828
-166.9,50,187.110913
-102.9,50,187.583832
-109.4,50,188.576298
-291.2,50,188.999145
-157.5,50,190.09421
-59.7,50,190.51936
-92.9,50,190.976548
-196.5,50,192.015668
-97.7,50,192.462302
-116.3,50,193.542413
-116.6,50,193.988451
-99.9,50,194.551785
-296.4,50,195.593986
-308.7,50,196.016865
-286.8,50,196.399994
-95.7,50,197.466035
-330.9,50,197.860368
-317.9,50,198.93866
-75.1,50,199.34264
-261.7,50,199.783887
-82.5,50,200.935467
-205.3,50,201.424747
-315.3,50,202.510029
-371.8,50,203.002234
-109.4,50,203.511905
-107.1,50,204.537384
-76.0,50,205.063956
-106.7,50,206.151012
-91.6,50,206.607089
-178.4,50,207.142289
-111.2,50,208.380478
-96.0,50,208.82119
-92.5,50,209.92804
-78.7,50,210.3771
-99.3,50,210.841979
-98.3,50,211.968068
-115.5,50,212.443135
-80.9,50,212.907408
-289.5,50,213.90499
-109.4,50,214.413424
-93.6,50,215.499407
-64.9,50,216.069142
-114.7,50,216.523137
-255.4,50,217.569489
-75.3,50,217.940042
-94.6,50,218.973399
-72.0,50,219.433102
-78.7,50,219.875285
-113.9,50,221.11126
-81.2,50,221.635225
-257.5,50,222.663825
-67.2,50,223.05641
-88.4,50,223.564474
-67.1,50,224.546933
-74.2,50,224.998232
-94.7,50,226.222534
-81.3,50,226.808818
-81.7,50,227.301348
-103.4,50,228.434084
-58.8,50,228.881002
-79.4,50,229.344116
-249.6,50,230.49531
-138.7,50,230.89419
-77.0,50,231.999708
-76.6,50,232.40741
-91.8,50,232.862647
-141.4,50,233.977786
-90.8,50,234.407699
-77.4,50,235.494619
-73.4,50,235.922572
-166.3,50,236.42156
-236.8,50,237.598763
-101.4,50,238.08463
-59.6,50,239.269385
-63.1,50,239.706708
-78.3,50,240.17957
-115.2,50,241.311555
-117.0,50,241.814439
-97.5,50,242.222384
-180.7,50,243.209608
-108.0,50,243.706723
-85.7,50,244.806984
-100.9,50,245.308779
-108.6,50,245.830053
-77.2,50,246.842242
-104.4,50,247.47442
-98.5,50,248.612689
-91.1,50,249.021122
-237.5,50,249.492206
-113.5,50,250.518938
-100.9,50,250.973036
-74.2,50,252.07594
-63.4,50,252.525563
-89.2,50,253.003726
-93.1,50,254.114799
-120.1,50,254.605035
-83.3,50,255.686261
-170.7,50,256.165686
-85.3,50,256.65565
-107.8,50,257.751875
-253.8,50,258.370125
-91.3,50,258.883037
-189.1,50,259.969284
-87.6,50,260.435198
-95.6,50,261.48541
-200.5,50,261.908276
-73.3,50,262.362864
-275.7,50,263.416525
-171.5,50,263.873124
-96.6,50,264.926791
-329.6,50,265.377388
-134.7,50,265.84211
-96.8,50,266.881966
-107.2,50,267.323323
-278.8,50,268.472194
-133.1,50,268.835706
-188.4,50,269.252415
-125.5,50,270.396685
-108.9,50,270.83662
-77.7,50,271.993469
-105.7,50,272.45608
-80.4,50,272.907014
-144.5,50,274.052057
-187.8,50,274.556476
-291.2,50,274.993268
-125.2,50,275.907411
-77.6,50,276.392796
-323.1,50,277.442416
-252.1,50,277.860013
-191.3,50,278.308326
-326.6,50,279.526626
-90.3,50,279.938251
-99.0,50,281.025996
-299.6,50,281.53198
-103.3,50,281.927364
-267.9,50,283.003935
-93.2,50,283.445796
-312.9,50,284.446803
-163.1,50,284.90169
-212.1,50,285.381595
-95.5,50,286.418671
-94.5,50,286.836397
-133.5,50,287.320529
-318.7,50,288.38712
-72.6,50,288.757843
-279.1,50,290.001659
-314.9,50,290.429803
-190.2,50,290.851678
-99.4,50,291.852574
-128.7,50,292.28989
-96.5,50,293.321299
-84.8,50,293.786286
-101.4,50,294.256857
-102.9,50,295.321767
-103.6,50,295.760043
-114.9,50,296.910038
-110.2,50,297.354907
-139.7,50,297.806616
-209.8,50,298.938765
-156.0,50,299.489468
-230.2,50,300.548404
-105.6,50,300.94495
-86.4,50,301.377683
-84.8,50,302.410972
-340.2,50,302.931105
-146.3,50,303.416424
-74.9,50,304.339588
-86.4,50,304.75343
-292.5,50,305.900254
-157.2,50,306.319849
-243.9,50,306.724132
-177.5,50,307.799545
-269.6,50,308.206363
-254.5,50,309.239011
-251.3,50,309.876885
-165.1,50,310.357259
-108.4,50,311.375364
-193.6,50,311.885231
-100.1,50,312.900031
-230.3,50,313.35837
-153.0,50,313.831568
-264.8,50,314.896683
-91.3,50,315.293217
-291.2,50,316.326226
-191.8,50,316.775834
-176.6,50,317.234677
-102.1,50,318.295617
-228.1,50,318.779701
-125.8,50,319.231253
-254.3,50,320.254383
-151.0,50,320.712437
-324.4,50,321.755137
-126.7,50,322.155251
-266.0,50,322.586844
-143.2,50,323.713596
-223.9,50,324.194609
-347.7,50,325.260996
-112.2,50,325.76141
-225.0,50,326.237794
-216.2,50,327.286685
-97.9,50,327.780684
-88.1,50,328.766778
-117.2,50,329.181276
-120.9,50,329.860702
-77.9,50,330.959397
-192.3,50,331.450993
-133.9,50,331.914414
-87.4,50,332.885792
-287.8,50,333.316589
-177.6,50,334.331953
-112.9,50,334.824197
-162.6,50,335.259543
-239.2,50,336.400901
-235.3,50,336.857371
-337.9,50,337.904654
-239.9,50,338.304964
-233.5,50,338.706553
-102.8,50,339.739133
-273.6,50,340.170878
-104.3,50,341.236943
-72.7,50,341.665176
-103.6,50,342.155176
-73.0,50,343.235643
-323.3,50,343.69194
-237.9,50,344.894088
-109.9,50,345.350042
-223.0,50,345.773349
-103.1,50,346.753708
-217.2,50,347.176271
-91.4,50,347.646794
-89.7,50,348.711837
-247.3,50,349.161244
-289.5,50,350.461086
-93.1,50,350.971131
-104.5,50,351.423873
-301.6,50,352.413315
-361.1,50,352.82606
-75.6,50,353.849027
-286.3,50,354.355869
-375.4,50,354.781633
-97.1,50,355.773013
-95.2,50,356.206457
-297.6,50,357.235583
-238.4,50,357.645425
-100.5,50,358.083433
-64.8,50,359.146395
-102.4,50,359.721182
-313.0,50,360.81124
-119.7,50,361.278278
-293.3,50,361.720092
-221.8,50,362.834008
-121.1,50,363.323846
-96.1,50,363.777923
-114.4,50,364.925591
-150.4,50,365.386435
-77.7,50,366.365155
-86.2,50,366.834427
-174.9,50,367.28337
-296.0,50,368.343892
-114.1,50,368.820711
-97.6,50,369.943143
-297.0,50,370.522602
-118.6,50,370.986613
-114.8,50,372.001039
-88.9,50,372.418913
-189.7,50,373.519142
-211.2,50,374.018229
-152.4,50,374.527054
-81.2,50,375.5634
-254.0,50,376.068819
-122.8,50,376.579369
-99.6,50,377.770248
-73.7,50,378.232705
-128.1,50,379.221686
-92.7,50,379.686605
-140.5,50,380.18331
-102.0,50,381.394697
-89.9,50,381.836788
-245.1,50,382.866068
-118.1,50,383.412537
-179.6,50,383.870384
-284.4,50,385.074218
-223.1,50,385.564301
-88.2,50,386.694586
-107.4,50,387.165936
-246.7,50,387.714877
-112.8,50,388.814668
-193.0,50,389.268735
-125.9,50,390.371533
-324.7,50,390.792804
-196.0,50,391.392492
-103.0,50,392.506233
-143.3,50,392.9472
-102.1,50,393.432936
-255.8,50,394.597515
-251.0,50,395.045935
-112.2,50,396.133184
-333.1,50,396.602632
-108.6,50,397.024363
-121.8,50,397.991789
-212.6,50,398.396598
-85.6,50,399.459142
-111.6,50,399.986726
-333.4,50,400.583046
-202.2,50,401.71623
-129.3,50,402.164174
-290.0,50,403.230259
-105.2,50,403.667476
-202.3,50,404.066297
-108.3,50,405.152703
-297.1,50,405.631512
-86.8,50,406.718454
-102.5,50,407.203338
-103.4,50,407.676919
-332.9,50,408.794783
-301.2,50,409.270694
-90.1,50,409.752049
-134.6,50,410.680366
-88.2,50,411.0693
-107.7,50,412.045993
-99.2,50,412.458647
-266.6,50,412.866097
-302.8,50,413.816057
-334.2,50,414.244784
-133.6,50,415.220301
-170.6,50,415.63999
-146.0,50,416.113605
-327.0,50,417.085442
-113.0,50,417.63588
-96.6,50,418.768114
-63.2,50,419.18863
-83.6,50,419.822653
-135.2,50,420.797474
-71.9,50,421.240435
-76.1,50,421.640832
-87.8,50,422.596837
-322.3,50,423.004161
-99.9,50,424.021748
-74.9,50,424.679439
-310.4,50,425.120412
-218.5,50,426.147724
-322.5,50,426.558694
-90.1,50,427.61566
-103.1,50,428.073214
-318.5,50,428.478445
-235.0,50,429.522245
-103.8,50,429.987823
-108.7,50,430.938119
-110.2,50,431.45848
-235.8,50,431.961016
-134.5,50,432.928397
-86.3,50,433.3728
-323.1,50,434.448919
-390.1,50,434.897024
-136.3,50,435.348341
-157.7,50,436.180001
-102.1,50,436.634244
-107.7,50,437.050532
-311.4,50,437.970869
-136.4,50,438.510012
-159.5,50,439.451549
-90.7,50,439.827146
-96.7,50,440.212596
-83.6,50,441.209146
-274.4,50,441.6001
-255.0,50,442.496843
-246.0,50,442.891122
-151.9,50,443.26869
-87.5,50,444.233001
-96.5,50,444.680271
-329.4,50,445.693712
-83.0,50,446.114139
-100.3,50,446.520181
-79.4,50,447.589096
-274.9,50,448.13334
-105.3,50,449.072352
-217.1,50,449.549339
-283.9,50,450.043403
-204.5,50,451.093177
-247.9,50,451.557181
-98.5,50,452.008126
-142.5,50,452.996168
-297.5,50,453.413032
-105.1,50,454.383068
-314.2,50,454.819053
-138.6,50,455.265241
-97.7,50,456.195801
-188.0,50,456.592437
-118.5,50,457.670307
-318.0,50,458.118983
-110.0,50,458.524559
-193.9,50,459.479401
-300.5,50,459.87926
-202.5,50,460.805424
-121.9,50,461.20359
-128.9,50,461.613718
-213.0,50,462.426344
-224.6,50,462.821196
-109.9,50,463.240468
-77.0,50,464.13534
-122.3,50,464.551791
-320.0,50,465.44433
-113.7,50,465.952507
-296.4,50,466.356344
-72.4,50,467.304473
-106.7,50,467.727387
-329.1,50,468.802367
-329.8,50,469.258173
-280.4,50,469.727434
-109.0,50,470.784444
-251.6,50,471.210062
-141.1,50,472.261156
-256.2,50,472.667062
-130.6,50,473.057256
-112.7,50,474.045196
-99.7,50,474.491729
-118.0,50,475.575216
-160.6,50,476.018655
-118.8,50,476.475071
-272.2,50,477.408998
-87.7,50,477.908283
-103.0,50,478.359357
-259.0,50,479.354382
-108.1,50,479.791325
-163.3,50,480.752186
-351.7,50,481.131718
-99.4,50,481.557653
-99.8,50,482.654167
-121.4,50,483.110093
-257.9,50,484.078187
-189.9,50,484.686143
-94.3,50,485.133994
-98.3,50,486.090174
-73.3,50,486.514875
-158.5,50,487.44277
-217.8,50,487.812518
-106.4,50,488.189088
-68.2,50,489.325479
-320.4,50,489.755873
-102.5,50,490.917166
-251.7,50,491.403198
-90.6,50,491.867004
-84.6,50,492.807899
-119.8,50,493.259559
-153.2,50,493.681002
-69.4,50,494.847464
-115.5,50,495.338125
-124.4,50,496.459076
-187.2,50,496.875833
-74.7,50,497.25907
-86.9,50,498.337309
-80.6,50,498.806274
-159.5,50,499.885783
-86.5,50,500.317188
-240.3,50,500.76891
-61.3,50,501.75745
-82.8,50,502.193337
-61.8,50,503.240328
-99.1,50,503.667494
-83.8,50,504.208736
-207.2,50,505.255329
-83.6,50,505.693097
-105.3,50,506.158332
-113.1,50,507.153791
-122.0,50,507.56699
-89.5,50,508.6478
-208.7,50,509.125862
-110.2,50,509.642404
-141.4,50,510.622945
-108.9,50,511.107344
-98.5,50,512.150169
-142.3,50,512.528776
-99.2,50,513.005378
-230.9,50,514.159568
-108.2,50,514.596298
-254.4,50,515.787609
-253.4,50,516.235978
-192.4,50,516.686096
-100.1,50,517.723483
-200.3,50,518.252755
-237.2,50,519.178531
-141.3,50,519.593493
-259.3,50,520.06387
-265.2,50,521.112424
-111.0,50,521.637646
-108.2,50,522.154569
-102.7,50,523.282633
-94.5,50,523.701205
-249.4,50,524.909738
-184.0,50,525.326057
-96.6,50,525.748243
-261.1,50,526.688743
-126.8,50,527.16864
-193.9,50,528.217649
-342.8,50,528.67474
-235.9,50,529.157227
-286.4,50,530.231783
-318.6,50,530.693848
-87.9,50,531.659758
-71.3,50,532.016813
-120.7,50,532.475889
-105.8,50,533.612337
-275.6,50,534.08816
-118.3,50,535.299761
-99.0,50,535.7927
-88.0,50,536.242753
-332.8,50,537.188895
-247.8,50,537.642811
-219.8,50,538.102076
-287.0,50,539.039543
-95.0,50,539.555928
-53.9,50,540.604354
-266.9,50,541.028729
-89.1,50,541.442314
-68.1,50,542.510452
-248.8,50,542.935671
-119.0,50,543.856819
-110.1,50,544.228911
-174.3,50,544.672716
-190.9,50,545.71345
-92.4,50,546.209812
-114.4,50,547.28108
-111.4,50,547.708843
-314.8,50,548.150841
-64.6,50,549.254122
-110.7,50,549.705153
-220.4,50,550.119152
-106.6,50,551.108487
-104.3,50,551.544613
-69.3,50,552.523843
-265.9,50,552.989806
-315.2,50,553.43581
-351.2,50,554.490396
-247.3,50,555.108214
-103.0,50,556.173475
-194.7,50,556.620587
-125.2,50,557.038274
-199.6,50,558.050373
-82.0,50,558.476323
-110.7,50,559.451091
-74.4,50,559.896548
-295.9,50,560.282308
-115.5,50,561.251276
-360.5,50,561.694973
-108.5,50,562.738392
-353.3,50,563.182459
-224.8,50,563.605359
-257.5,50,564.63519
-90.6,50,565.055315
-78.2,50,565.465508
-329.3,50,566.517469
-320.9,50,566.936867
-96.8,50,567.9591
-108.8,50,568.404126
-218.2,50,568.818982
-259.4,50,569.811745
-95.6,50,570.180473
-224.5,50,571.146755
-351.8,50,571.637531
-174.3,50,572.089235
-272.4,50,573.221636
-269.5,50,573.821352
-112.1,50,574.802653
-242.8,50,575.231712
-300.9,50,575.669851
-303.2,50,576.667102
-100.9,50,577.04232
-93.0,50,578.058472
-113.1,50,578.487224
-267.7,50,578.891656
-162.3,50,579.972537
-292.5,50,580.394899
-106.2,50,580.84035
-308.9,50,581.77595
-227.1,50,582.176053
-413.3,50,583.241333
-99.3,50,583.729645
-247.5,50,584.21751
-93.6,50,585.255823
-263.0,50,585.679102
-111.5,50,586.67293
-106.8,50,587.088367
-76.3,50,587.537223
-168.6,50,588.529424
-89.2,50,589.006279
-178.3,50,590.002198
-202.6,50,590.406998
-257.1,50,590.864419
-328.3,50,591.91218
-365.5,50,592.453224
-197.9,50,592.932134
-111.2,50,593.987494
-118.6,50,594.391209
-81.8,50,595.421683
-311.1,50,595.871003
-103.6,50,596.266491
-316.0,50,597.221548
-89.7,50,597.666716
-95.0,50,598.685333
-152.5,50,599.125231
-304.7,50,599.573449
-167.8,50,600.661037
-309.5,50,601.087456
-350.1,50,602.129924
-207.5,50,602.778483
-118.2,50,603.217937
-98.1,50,604.25011
-107.7,50,604.753796
-237.5,50,605.798944
-87.6,50,606.3
-131.7,50,606.772562
-157.9,50,607.827482
-95.2,50,608.29021
-89.6,50,608.775258
-71.2,50,609.868304
-355.7,50,610.345996
-146.7,50,611.498726
-82.7,50,611.98735
-246.4,50,612.526752
-229.1,50,613.617415
-297.4,50,614.117039
-217.1,50,615.11138
-128.1,50,615.589871
-94.2,50,616.06831
-77.1,50,617.076506
-96.0,50,617.600034
-221.6,50,618.709177
-227.7,50,619.130377
-183.2,50,619.571271
-178.7,50,620.737305
-119.0,50,621.160672
-86.3,50,622.231492
-287.9,50,622.712907
-106.8,50,623.344213
-344.4,50,624.420723
-93.0,50,624.878672
-261.6,50,625.295398
-270.9,50,626.445857
-254.6,50,626.990879
-189.2,50,627.999602
-208.6,50,628.483331
-79.5,50,629.007113
-120.4,50,630.056831
-183.6,50,630.513091
-91.3,50,631.622492
-107.2,50,632.039097
-160.4,50,632.459881
-302.8,50,633.62247
-147.0,50,634.092268
-271.0,50,635.064126
-281.7,50,635.580978
-92.2,50,636.046797
-242.7,50,637.113917
-79.7,50,637.54382
-278.0,50,638.030202
-181.1,50,639.087628
-79.9,50,639.58631
-292.5,50,640.680676
-226.8,50,641.099274
-71.6,50,641.480954
-95.3,50,642.6082
-89.2,50,643.21211
-117.6,50,644.225601
-116.5,50,644.734018
-98.1,50,645.176359
-82.1,50,646.240769
-92.6,50,646.7438
-187.5,50,647.802991
-136.7,50,648.277389
-75.9,50,648.765407
-105.3,50,649.858849
-77.7,50,650.278705
-64.3,50,651.352907
-75.7,50,651.823898
-94.1,50,652.2478
-98.1,50,653.418294
-174.7,50,653.880774
-267.3,50,654.25607
-92.8,50,655.425287
-69.1,50,655.912597
-104.7,50,656.921202
-71.4,50,657.333254
-79.6,50,657.806156
-88.9,50,658.873538
-79.4,50,659.40615
-97.6,50,660.531817
-81.8,50,661.014138
-255.2,50,661.439667
-172.7,50,662.614114
-91.3,50,663.255207
-276.4,50,664.371474
-73.2,50,664.871122
-214.1,50,665.313318
-81.4,50,666.311622
-79.1,50,666.814023
-174.5,50,667.847768
-71.0,50,668.287071
-83.4,50,668.7472
-86.4,50,669.79908
-94.5,50,670.237564
-86.8,50,670.663121
-112.0,50,671.765283
-81.8,50,672.154815
-269.2,50,673.118988
-114.6,50,673.751519
-106.2,50,674.182298
-81.5,50,675.31754
-184.5,50,675.789583
-295.3,50,676.765592
-109.6,50,677.196837
-107.1,50,677.72137
-165.2,50,678.777365
-93.2,50,679.267436
-111.7,50,680.360888
-232.7,50,680.828415
-240.9,50,681.276019
-192.5,50,682.331908
-137.7,50,682.842805
-305.0,50,683.253726
-259.3,50,684.422421
-117.1,50,684.889123
-79.1,50,685.971787
-114.4,50,686.363065
-268.8,50,686.855631
-257.4,50,687.898241
-125.6,50,688.331778
-97.7,50,689.363047
-275.9,50,689.781898
-116.1,50,690.185647
-94.8,50,691.140831
-322.0,50,691.587751
-306.6,50,692.557697
-90.7,50,693.031357
-117.5,50,693.47233
-90.2,50,694.477795
-89.2,50,695.029197
-105.9,50,696.130583
-105.0,50,696.598877
-122.2,50,697.073621
-76.3,50,698.178296
-228.9,50,698.598937
-102.6,50,698.979591
-120.1,50,700.076024
-99.7,50,700.558517
-88.2,50,701.525703
-178.6,50,702.01156
-64.0,50,702.503682
-218.0,50,703.54002
-232.0,50,703.958534
-98.2,50,704.883763
-101.7,50,705.352527
-72.4,50,705.773831
-77.3,50,706.82516
-89.0,50,707.254092
-232.3,50,708.272843
-90.5,50,708.788989
-112.6,50,709.249527
-291.6,50,710.23759
-103.0,50,710.793612
-70.3,50,711.838854
-107.9,50,712.28345
-104.8,50,712.807969
-95.6,50,713.785732
-89.1,50,714.23181
-90.0,50,714.640873
-113.1,50,715.887191
-183.3,50,716.337522
-109.1,50,717.349878
-92.8,50,717.748082
-290.8,50,718.105099
-80.0,50,719.051001
-335.5,50,719.524066
-114.8,50,720.501132
-279.9,50,720.944219
-101.3,50,721.422135
-269.3,50,722.568783
-124.4,50,723.022573
-112.7,50,724.035655
-107.2,50,724.488494
-89.1,50,725.060839
-88.4,50,726.162127
-98.1,50,726.557044
-101.7,50,727.057245
-89.0,50,728.123024
-317.7,50,728.538457
-131.7,50,729.653528
-96.5,50,730.069416
-236.4,50,730.441281
-130.0,50,731.420655
-122.8,50,731.895922
-81.6,50,733.051474
-120.9,50,733.537102
-123.2,50,733.945182
-68.6,50,735.010107
-101.9,50,735.581463
-102.9,50,736.671567
-97.3,50,737.129463
-252.0,50,737.570416
-100.4,50,738.605024
-183.4,50,739.017883
-108.1,50,740.131847
-273.8,50,740.580115
-92.4,50,741.043294
-100.5,50,742.143005
-117.1,50,742.606975
-111.2,50,743.029351
-99.8,50,744.067246
-270.1,50,744.493863
-309.6,50,745.603016
-312.7,50,746.04194
-117.0,50,746.474983
-286.8,50,747.490069
-215.2,50,747.910459
-78.0,50,748.817977
-72.0,50,749.21686
-313.0,50,749.571761
-251.9,50,750.47404
-130.0,50,750.919218
-321.6,50,751.940229
-104.4,50,752.32078
-306.5,50,752.75758
-243.1,50,753.766135
-257.8,50,754.283403
-96.5,50,755.203171
-130.2,50,755.603721
-220.1,50,756.025929
-83.4,50,757.036834
-103.3,50,757.48563
-100.3,50,757.86778
-271.4,50,758.942939
-140.8,50,759.38722
-126.8,50,760.487028
-304.6,50,760.899821
-180.3,50,761.385314
-248.4,50,762.389736
-297.5,50,762.818573
-95.7,50,764.007985
-104.8,50,764.463278
-99.1,50,764.919397
-107.1,50,765.909918
-300.1,50,766.397007
-291.2,50,767.425935
-287.5,50,767.825586
-84.0,50,768.275509
-112.5,50,769.270781
-96.8,50,769.727837
-328.9,50,770.197194
-146.5,50,771.322735
-109.1,50,771.750664
-86.6,50,772.968237
-278.0,50,773.449141
-184.2,50,773.913785
-119.8,50,775.02093
-115.2,50,775.513439
-308.2,50,776.649643
-110.3,50,777.135794
-208.7,50,777.610424
-115.5,50,778.638106
-86.0,50,779.113848
-342.9,50,780.137588
-126.1,50,780.583101
-319.1,50,781.000702
-282.3,50,781.96155
-94.9,50,782.394022
-92.6,50,783.503992
-92.8,50,784.171268
-252.1,50,784.580442
-112.2,50,785.503458
-122.5,50,785.952077
-100.9,50,786.368766
-111.4,50,787.411963
-226.4,50,787.890662
-310.6,50,789.049674
-109.7,50,789.497125
-128.5,50,790.040631
-188.3,50,791.142157
-246.2,50,791.559952
-286.7,50,792.640857
-74.2,50,793.051982
-96.0,50,793.541698
-123.5,50,794.398135
-104.9,50,794.934053
-86.8,50,796.047516
-304.9,50,796.45324
-163.6,50,796.934268
-357.9,50,798.003811
-96.6,50,798.450048
-222.5,50,799.578098
-162.1,50,800.04274
-105.5,50,800.467182
-176.0,50,801.560399
-118.0,50,802.009849
-115.8,50,802.524818
-125.1,50,803.67599
-89.8,50,804.316817
-160.8,50,805.370211
-225.2,50,805.899368
-70.3,50,806.387378
-109.4,50,807.378383
-98.2,50,807.834116
-105.1,50,808.98753
-110.7,50,809.418529
-280.7,50,809.923362
-83.0,50,811.05159
-277.2,50,811.53578
-193.2,50,812.541524
-274.6,50,813.050745
-138.1,50,813.444456
-329.6,50,814.524682
-210.7,50,815.02896
-311.6,50,815.517047
-248.9,50,816.594201
-104.5,50,817.044149
-99.8,50,818.013601
-94.0,50,818.437366
-84.0,50,818.835967
-139.1,50,819.754706
-249.9,50,820.175676
-101.2,50,821.27114
-190.9,50,821.711648
-94.9,50,822.223448
-55.6,50,823.22187
-200.3,50,823.835398
-110.0,50,824.875401
-313.1,50,825.305651
-234.6,50,825.799057
-148.8,50,826.866825
-149.8,50,827.278609
-225.8,50,828.363436
-96.1,50,828.882724
-98.9,50,829.334482
-302.7,50,830.271814
-97.7,50,830.74084
-126.5,50,831.270597
-94.9,50,832.34601
-82.6,50,832.824013
-126.7,50,833.943797
-259.6,50,834.346408
-113.1,50,834.798366
-319.0,50,835.800627
-92.6,50,836.215794
-109.6,50,837.43531
-112.4,50,837.893004
-111.5,50,838.350862
-86.6,50,839.416587
-74.1,50,839.833653
-102.2,50,840.939346
-235.8,50,841.391236
-314.8,50,841.806226
-79.3,50,842.815519
-82.1,50,843.22371
-329.0,50,844.330901
-102.3,50,844.761034
-135.5,50,845.122802
-104.3,50,845.738304
-72.5,50,845.889642
-106.8,50,846.09659
-125.3,50,846.505246
-97.0,50,846.673932
-258.1,50,847.041653
-70.2,50,847.192877
-87.0,50,847.338891
-75.8,50,847.686874
-98.0,50,847.831565
-97.8,50,848.254448
-130.2,50,848.397432
-72.5,50,848.57275
-307.3,50,848.916706
-77.5,50,849.057726
-108.9,50,849.395595
-110.7,50,849.532113
-294.4,50,849.670013
-100.9,50,850.003159
-216.7,50,850.140498
-246.9,50,850.294436
-132.0,50,850.64125
-80.6,50,850.779229
-110.8,50,851.158455
-85.4,50,851.315632
-87.8,50,851.557084
-94.6,50,851.926804
-101.3,50,852.073442
-80.0,50,852.415859
-82.7,50,852.548225
-84.1,50,852.689342
-101.6,50,853.019119
-68.7,50,853.150675
-63.8,50,853.472977
-78.0,50,853.67854
-91.7,50,853.894824
-294.2,50,854.317493
-80.4,50,854.553977
-85.0,50,855.04251
-107.7,50,855.289617
-99.4,50,855.484521
-91.1,50,855.857608
-86.2,50,856.034304
-81.2,50,856.195304
-75.6,50,856.712316
-77.0,50,856.956079
-100.0,50,857.356328
-69.9,50,857.532518
-81.6,50,857.713229
-75.6,50,858.13288
-126.0,50,858.381774
-103.7,50,859.032335
-102.1,50,859.312821
-189.1,50,859.591407
-227.2,50,859.997882
-112.1,50,860.207415
-92.9,50,860.639571
-101.4,50,860.811272
-352.3,50,861.009385
-74.1,50,861.460112
-88.0,50,861.624348
-88.9,50,862.068231
-107.7,50,862.285838
-88.4,50,862.508611
-67.8,50,863.048468
-96.2,50,863.233065
-288.8,50,863.427538
-92.7,50,863.992059
-288.6,50,864.36394
-93.9,50,864.942381
-222.9,50,865.181414
-69.3,50,865.399074
-75.7,50,865.884557
-63.7,50,866.056802
-124.1,50,866.506296
-95.3,50,866.718451
-110.5,50,866.912649
-93.9,50,867.39444
-84.1,50,867.627727
-118.7,50,868.141523
-83.0,50,868.33964
-175.1,50,868.556098
-100.2,50,869.127088
-100.6,50,869.38298
-55.8,50,869.609535
-82.3,50,870.26816
-121.8,50,870.491736
-76.6,50,871.093636
-70.1,50,871.37002
-73.8,50,871.622279
-84.1,50,872.326819
-169.4,50,872.516602
-87.1,50,873.065008
-82.3,50,873.3729
-96.3,50,873.672192
-73.1,50,874.19454
-112.0,50,874.531387
-100.8,50,875.048867
-60.8,50,875.290568
-76.3,50,875.483547
-105.6,50,876.051237
-69.9,50,876.271362
-57.7,50,876.751597
-94.6,50,877.032282
-90.9,50,877.324562
-92.5,50,878.008674
-106.9,50,878.2924
-95.1,50,878.599281
-92.3,50,879.153218
-86.6,50,879.3588
-108.5,50,880.031326
-80.5,50,880.203854
-109.0,50,880.385826
-107.8,50,880.946926
-115.2,50,881.150329
-107.7,50,881.627035
-81.9,50,881.809869
-97.4,50,881.958698
-87.6,50,882.366578
-113.7,50,882.548533
-87.8,50,882.964483
-126.7,50,883.130112
-84.6,50,883.277375
-61.9,50,883.662778
-111.1,50,883.854703
-100.5,50,884.324279
-94.4,50,884.466679
-95.8,50,884.624685
-102.7,50,885.069108
-95.0,50,885.219877
-85.3,50,885.37125
-69.5,50,885.719612
-77.7,50,885.864076
-85.7,50,886.237339
-89.7,50,886.406183
-192.2,50,886.558594
-85.0,50,886.92481
-87.9,50,887.085017
-80.6,50,887.451182
-87.6,50,887.686076
-90.5,50,887.836923
-108.1,50,888.17594
-76.8,50,888.317073
-83.5,50,888.672042
-100.3,50,888.816878
-106.1,50,888.965783
-75.8,50,889.392668
-92.1,50,889.547947
-82.6,50,889.692012
-93.0,50,890.049729
-70.7,50,890.227265
-102.7,50,890.620651
-87.9,50,890.821273
-88.2,50,891.114011
-58.6,50,891.505753
-85.6,50,891.664135
-96.9,50,892.01593
-70.0,50,892.209911
-70.5,50,892.349001
-75.8,50,892.742399
-79.9,50,892.88422
-86.8,50,893.266815
-115.2,50,893.411234
-70.5,50,893.560152
-79.0,50,893.962422
-63.0,50,894.146771
-64.3,50,894.492877
-83.5,50,894.726542
-119.9,50,894.86722
-72.1,50,895.208935
-76.8,50,895.35301
-77.5,50,895.491385
-68.0,50,895.899976
-76.6,50,896.063244
-100.1,50,896.420109
-71.4,50,896.566457
-81.9,50,896.710723
-71.0,50,897.100801
-82.0,50,897.257822
-83.3,50,897.654408
-76.3,50,897.802212
-74.8,50,898.064949
-61.2,50,898.509459
-113.6,50,898.700301
-67.6,50,899.115017
-90.6,50,899.258227
-62.0,50,899.441819
-61.0,50,899.791958
-63.9,50,899.932112
-80.6,50,900.284997
-61.2,50,900.441767
-72.5,50,900.581814
-78.9,50,900.925824
-80.9,50,901.078708
-73.3,50,901.307715
-92.9,50,901.654576
-69.0,50,901.809999
-73.6,50,902.17854
-72.6,50,902.338657
-70.4,50,902.487782
-92.7,50,902.823593
-70.6,50,902.984765
-75.0,50,903.3436
-71.9,50,903.510405
-67.2,50,903.659976
-72.8,50,904.024055
-71.9,50,904.187001
-64.7,50,904.532151
-70.2,50,904.686885
-77.3,50,904.909672
-58.0,50,905.243936
-92.2,50,905.389556
-92.9,50,905.536062
-80.0,50,905.877084
-69.5,50,906.036987
-73.1,50,906.37719
-75.0,50,906.525892
-64.9,50,906.671044
-87.2,50,907.011545
-69.0,50,907.15396
-49.6,50,907.485462
-52.6,50,907.627137
-68.8,50,907.773082
-61.0,50,908.17972
-67.3,50,908.318892
-68.3,50,908.645107
-71.7,50,908.780234
-63.8,50,908.91738
-71.2,50,909.251594
-68.0,50,909.390554
-54.2,50,909.727134
-75.2,50,909.871699
-71.7,50,910.008791
-70.4,50,910.331761
-51.2,50,910.468455
-64.5,50,910.601083
-149.6,50,910.921449
-60.9,50,911.055901
-66.8,50,911.485654
-65.5,50,911.618891
-59.7,50,911.756219
-43.8,50,912.084134
-58.2,50,912.230583
-70.8,50,912.566609
-62.2,50,912.701612
-79.0,50,912.84024
-55.9,50,913.172203
-105.6,50,913.311572
-76.1,50,913.651367
-69.3,50,913.80409
-79.2,50,913.958571
-62.9,50,914.293265
-70.8,50,914.512656
-76.2,50,914.850071
-63.0,50,914.989133
-76.3,50,915.134169
-60.9,50,915.470088
-67.6,50,915.61288
-61.9,50,915.764161
-71.5,50,916.122692
-56.1,50,916.278327
-71.8,50,916.622078
-64.9,50,916.762972
-71.5,50,916.901118
-67.3,50,917.251198
-68.0,50,917.424828
-64.0,50,917.77098
-64.2,50,918.008443
-56.2,50,918.168341
-66.2,50,918.538223
-56.2,50,918.687236
-60.9,50,919.022589
-62.5,50,919.158935
-75.1,50,919.303679
-59.9,50,919.635997
-82.3,50,919.772128
-65.9,50,919.906771
-62.1,50,920.238623
-62.2,50,920.380947
-71.9,50,920.70787
-107.0,50,920.843042
-58.5,50,921.062583
-67.9,50,921.390414
-56.6,50,921.527733
-47.8,50,921.853724
-59.7,50,921.994743
-55.0,50,922.130119
-66.7,50,922.454223
-50.1,50,922.590712
-61.8,50,922.924747
-60.4,50,923.067046
-65.8,50,923.208577
-61.5,50,923.54052
-69.0,50,923.677426
-56.1,50,924.009413
-57.3,50,924.145783
-77.1,50,924.285782
-57.1,50,924.705692
-55.5,50,924.846123
-65.5,50,924.986749
-58.3,50,925.313568
-49.0,50,925.447432
-52.5,50,925.771076
-47.1,50,925.90827
-52.4,50,926.04818
-59.3,50,926.376719
-39.5,50,926.514249
-53.4,50,926.844354
-51.1,50,926.987654
-53.3,50,927.126101
-55.1,50,927.452756
-47.5,50,927.675191
-68.8,50,927.995771
-47.8,50,928.129649
-57.8,50,928.269604
-58.1,50,928.604728
-54.9,50,928.74007
-42.2,50,929.072705
-74.1,50,929.206351
-63.9,50,929.340309
-54.5,50,929.668011
-67.4,50,929.810513
-53.5,50,929.955956
-51.8,50,930.277019
-146.9,50,930.412441
-79.3,50,930.738985
-58.2,50,930.966048
-74.0,50,931.099355
-61.6,50,931.426736
-54.8,50,931.56698
-56.6,50,931.899403
-51.6,50,932.036576
-57.5,50,932.177663
-75.6,50,932.515851
-50.2,50,932.658238
-57.2,50,933.00972
-57.6,50,933.14259
-60.2,50,933.279577
-68.1,50,933.620947
-64.0,50,933.767795
-45.2,50,933.980589
-56.1,50,934.308738
-66.2,50,934.444808
-78.1,50,934.774115
-57.3,50,934.914772
-56.1,50,935.0512
-42.5,50,935.383768
-47.2,50,935.523397
-55.5,50,935.858209
-46.5,50,935.999522
-48.6,50,936.141298
-55.4,50,936.466274
-66.4,50,936.604325
-50.6,50,936.937371
-48.0,50,937.073452
-58.7,50,937.300313
-52.4,50,937.627632
-49.0,50,937.760228
-52.8,50,938.089567
-62.3,50,938.229529
-54.3,50,938.3711
-49.2,50,938.696129
-49.6,50,938.833491
-52.2,50,938.968892
-49.0,50,939.29469
-48.8,50,939.437019
-54.7,50,939.763191
-42.7,50,939.896665
-51.5,50,940.034053
-46.3,50,940.446585
-49.6,50,940.578871
-57.9,50,940.90828
-62.5,50,941.049714
-53.4,50,941.191169
-56.1,50,941.518468
-55.3,50,941.65279
-97.3,50,941.985704
-46.2,50,942.119999
-49.0,50,942.258119
-48.9,50,942.595248
-49.4,50,942.733509
-45.7,50,943.064673
-48.0,50,943.198335
-43.6,50,943.337225
-64.3,50,943.762944
-44.9,50,943.902102
-45.7,50,944.038763
-45.4,50,944.367445
-46.7,50,944.504246
-40.4,50,944.839858
-41.9,50,944.977488
-37.7,50,945.116039
-50.7,50,945.446213
-50.3,50,945.580676
-40.2,50,945.909863
-57.1,50,946.050606
-50.8,50,946.187876
-52.8,50,946.600234
-41.1,50,946.734598
-38.8,50,947.068835
-60.1,50,947.204089
-46.7,50,947.340035
-63.3,50,947.669143
-46.1,50,947.809161
-62.5,50,947.950476
-41.5,50,948.27649
-47.9,50,948.413697
-47.8,50,948.744465
-83.0,50,948.880715
-38.5,50,949.022753
-38.5,50,949.352884
-48.4,50,949.573513
-43.5,50,949.907303
-42.7,50,950.043669
-40.9,50,950.182928
-47.2,50,950.50973
-60.4,50,950.650663
-41.8,50,950.986393
-50.2,50,951.121648
-43.9,50,951.262616
-45.3,50,951.594601
-36.9,50,951.728162
-33.2,50,952.053768
-69.8,50,952.193696
-46.8,50,952.332543
-68.6,50,952.742336
-43.0,50,952.879679
-71.8,50,953.01733
-90.3,50,953.343736
-52.4,50,953.485101
-50.0,50,953.808947
-44.8,50,953.947096
-47.1,50,954.082603
-45.8,50,954.41073
-46.7,50,954.545868
-41.3,50,954.871516
-49.8,50,955.013425
-34.2,50,955.152063
-79.8,50,955.48202
-52.2,50,955.61757
-46.4,50,956.030724
-64.0,50,956.16629
-37.9,50,956.306037
-59.8,50,956.639789
-52.0,50,956.782198
-47.1,50,957.112029
-43.6,50,957.255032
-59.6,50,957.389421
-38.3,50,957.71386
-47.6,50,957.858008
-35.6,50,957.998249
-36.0,50,958.328558
-36.4,50,958.474536
-48.5,50,958.808906
-53.5,50,959.030392
-56.9,50,959.173189
-52.5,50,959.512397
-48.0,50,959.649714
-41.6,50,959.982032
-70.7,50,960.123216
-44.5,50,960.266229
-46.9,50,960.604713
-48.2,50,960.73994
-35.2,50,961.06854
-44.3,50,961.205963
-53.9,50,961.346673
-82.5,50,961.68323
-50.5,50,961.824764
-51.6,50,961.966932
-40.9,50,962.374911
-48.6,50,962.513368
-47.4,50,962.851186
-45.8,50,962.987799
-40.9,50,963.130928
-40.0,50,963.458281
-58.9,50,963.596494
-49.7,50,963.924706
-46.0,50,964.063846
-72.5,50,964.208037
-46.6,50,964.566684
-37.7,50,964.732642
-46.9,50,965.145987
-49.5,50,965.320649
-41.7,50,965.548759
-47.4,50,965.886817
-39.3,50,966.028168
-32.8,50,966.383038
-49.3,50,966.529477
-56.0,50,966.683047
-45.8,50,967.016131
-44.3,50,967.155064
-49.2,50,967.303373
-40.6,50,967.655998
-48.3,50,967.798611
-52.2,50,968.136348
-42.0,50,968.279544
-43.1,50,968.421999
-44.1,50,968.793397
-45.2,50,969.020312
-43.8,50,969.36189
-54.8,50,969.500533
-62.2,50,969.644651
-42.9,50,969.983033
-41.3,50,970.121966
-55.0,50,970.458065
-48.5,50,970.598641
-54.3,50,970.741535
-59.1,50,971.087486
-53.0,50,971.224851
-68.1,50,971.563003
-46.6,50,971.705114
-39.6,50,971.840357
-40.3,50,972.261423
-26.3,50,972.44453
-53.0,50,972.595349
-49.1,50,972.94306
-51.4,50,973.103295
-55.4,50,973.431303
-41.1,50,973.581733
-49.4,50,973.723523
-54.3,50,974.063046
-46.8,50,974.20075
-53.2,50,974.527761
-30.6,50,974.668981
-99.9,50,974.807548
-41.1,50,975.138209
-76.8,50,975.277997
-58.8,50,975.602666
-54.2,50,975.830002
-40.1,50,975.973965
-51.9,50,976.301293
-85.4,50,976.439443
-43.9,50,976.577427
-48.5,50,976.91277
-48.5,50,977.047226
-40.4,50,977.394745
-28.0,50,977.530843
-44.7,50,977.666056
-38.0,50,978.001601
-36.7,50,978.168994
-41.1,50,978.546819
-44.1,50,978.703371
-113.8,50,978.862405
-42.7,50,979.323203
-41.8,50,979.565998
-43.4,50,979.932468
-38.0,50,980.1226
-54.1,50,980.285175
-38.0,50,980.654826
-71.0,50,980.82707
-27.0,50,981.224628
-31.4,50,981.368547
-91.3,50,981.518363
-38.3,50,981.86001
-44.6,50,982.027648
-79.4,50,982.172694
-37.3,50,982.558717
-44.4,50,982.713215
-41.2,50,983.041942
-44.9,50,983.177533
-49.6,50,983.394964
-47.2,50,983.742254
-48.6,50,983.887897
-45.8,50,984.219563
-44.3,50,984.36773
-42.2,50,984.512328
-51.0,50,984.84119
-115.4,50,984.980006
-43.0,50,985.305922
-41.2,50,985.449468
-30.1,50,985.594485
-32.1,50,985.932905
-108.8,50,986.067818
-34.5,50,986.399934
-58.4,50,986.545153
-33.8,50,986.688771
-47.0,50,987.116493
-46.9,50,987.264808
-50.8,50,987.399432
-98.7,50,987.724256
-53.8,50,987.861491
-64.6,50,988.192477
-55.9,50,988.32682
-83.0,50,988.464959
-51.1,50,988.806908
-125.6,50,988.946987
-87.7,50,989.28198
-56.5,50,989.426381
-66.0,50,989.56489
-26.5,50,989.888585
-56.2,50,990.035869
-55.6,50,990.461516
-44.2,50,990.599961
-154.4,50,990.740258
-42.5,50,991.074497
-54.5,50,991.21091
-55.5,50,991.353338
-132.1,50,991.691907
-53.9,50,991.831993
-38.1,50,992.157696
-64.3,50,992.298713
-38.6,50,992.438706
-49.1,50,992.779154
-192.0,50,992.917735
-89.8,50,993.250087
-47.8,50,993.476494
-37.3,50,993.617548
-73.0,50,993.94551
-56.3,50,994.086995
-74.1,50,994.412303
-40.3,50,994.551379
-129.6,50,994.693124
-100.1,50,995.025259
-37.4,50,995.16312
